id,tur,metin,anlam_ekseni,iskelet,mekanizma,kutup,yon,yasanmislik,celisen,ayirt_edici_soru,modern_deyim
A001,atasözü,Ateş düştüğü yeri yakar,"Empati sınırı çizer, kolay avuntuyu reddeder, deneyim kapisi",Etkinin bilgisi yalnızca ona temas edende oluşur; dışarıdan bakan bilemez.,deneyim-kapisi,DUYGU BEDEN,0,0.95,,,
A002,atasözü,Bir musibet bin nasihatten yeğdir,"Öğüdün sınırını ilan eder, deneyim kapisi","Yaşanmış tek olay, aktarılmış çok bilgiden fazlasını öğretir.",deneyim-kapisi,ZIHIN DUYGU,0,1.0,,,
A003,atasözü,Damdan düşen damdan düşenin halini bilir,"Kimin anlayabileceğini işaretler, deneyim kapisi","Aynı durumu yaşamış olmak, anlamanın ön koşuludur.",deneyim-kapisi,DUYGU ILISKI,0,1.0,,,
A004,atasözü,Bekâra karı boşamak kolay,"Dışarıdan akıl verene sınır çizer, deneyim kapisi","Sonucun maliyetini taşımayan, kararı hafif görür.",deneyim-kapisi,ILISKI ZIHIN,0,0.95,,,
A005,atasözü,Ağrısız baş yastık istemez,"İlgisizliği açıklar, deneyim kapisi","Sorunu olmayan, çözüm arayışını anlamsız bulur.",deneyim-kapisi,BEDEN,0,0.7,,,
A006,atasözü,Sütten ağzı yanan yoğurdu üfleyerek yer,"Korunmanın maliyetini görünür kılar, asiri tepki","Bir kez zarar gören, benzeyen her şeye aşırı genelleyerek korunur.",asiri-tepki,ZIHIN DUYGU,-0.6,0.8,Sakınan göze çöp batar | Sürçen at bir daha sürçmez,"Aynı şey tekrar olursa seni ilk seferki kadar etkiler mi? | Neyin yanlış gittiğini adlandırabiliyor musun, yoksa sadece kötü hissettiğini mi biliyorsun?",
A007,atasözü,Sakınan göze çöp batar,"Tedbirin tersine döndüğü yeri gösterir, asiri tepki","Aşırı korunma, korunulan zararı çekmenin kendisine dönüşür.",asiri-tepki,ZIHIN,0.4,0.8,Sütten ağzı yanan yoğurdu üfleyerek yer,Aynı şey tekrar olursa seni ilk seferki kadar etkiler mi?,
A008,atasözü,Keskin sirke küpüne zarar verir,"Öfkeyi geri çeker, asiri tepki","Aşırı şiddetli tepki, önce tepkiyi üretenin kendisini yıpratır.",asiri-tepki,DUYGU ILISKI,-0.6,0.7,,,
A009,atasözü,"Ne yavuz ol asıl, ne yavaş ol basıl","Orta bandı işaretler, asiri tepki",İki uçtaki davranış da farklı yollardan aynı zararı üretir.,asiri-tepki,ILISKI,0,0.8,,,
A010,atasözü,Öfkeyle kalkan zararla oturur,"Beklemeye çağırır, asiri tepki","Duygusal yükün altında alınan karar, yük geçtiğinde maliyet olarak görünür.",asiri-tepki,DUYGU,-0.7,0.7,,,
A011,atasözü,Damlaya damlaya göl olur,"Sabra çağırır, birikim","Küçük ama kesintisiz birikim, büyük eşiği zamanla geçer.",birikim,PARA IS,0.7,0.3,,,
A012,atasözü,Sabırla koruk helva olur,"Beklemeyi meşrulaştırır, birikim","Olgunlaşma süreyi gerektirir, müdahaleyi değil.",birikim,ANLAM,-0.4,0.6,,,
A013,atasözü,Sabreden derviş muradına ermiş,"Dayanmaya çağırır, birikim","Sonuç, dayanma süresinin sonunda gelir.",birikim,DUYGU ANLAM,-0.4,0.7,,,
A014,atasözü,Yavaş giden yol alır,"Tempo düşürür, birikim","Sürdürülebilir hız, kesintili yüksek hızdan fazla mesafe üretir.",birikim,IS,-0.4,0.4,,,
A015,atasözü,Ayağını yorganına göre uzat,"Sınır koyar, kaynak siniri","Eylemin kapsamı, elde olan kaynağın sınırını aşmamalı.",kaynak-siniri,PARA,-0.8,0.4,Borç yiğidin kamçısıdır,Bu yükü kaldıramazsan ne olur?,
A016,atasözü,İki karpuz bir koltuğa sığmaz,"Seçmeye zorlar, kaynak siniri",Eşzamanlı taşınan yük sayısı arttıkça hiçbiri taşınamaz olur.,kaynak-siniri,IS ZIHIN,-0.7,0.5,Bir taşla iki kuş vurulur,"Bu ikisi aynı hamleyle mi oluyor, yoksa sırayla mı?",
A017,atasözü,Boş çuval ayakta durmaz,"Temeli hatırlatır, kaynak siniri","İçi doldurulmayan yapı, kendi biçimini koruyamaz.",kaynak-siniri,BEDEN PARA,0,0.5,,,
A018,atasözü,Aç ayı oynamaz,"Beklentiyi düşürür, kaynak siniri",Temel ihtiyaç karşılanmadan üst düzey performans beklenemez.,kaynak-siniri,BEDEN,0,0.6,,,
A019,atasözü,Acele işe şeytan karışır,"Yavaşlatır, hiz kalite","Hız arttıkça hata olasılığı, kazanılan zamandan fazla maliyet üretir.",hiz-kalite,IS,-0.7,0.5,Sona kalan dona kalır,"Beklersen iş bozulur mu, yoksa iş elinden mi gider?",
A020,atasözü,Acele giden ecele gider,"Sert biçimde yavaşlatır, hiz kalite",Hızın maliyeti bazen geri alınamaz olur.,hiz-kalite,BEDEN IS,-0.8,0.6,Sona kalan dona kalır,Yanlış yaparsan geri dönebilir misin?,
A021,atasözü,Sona kalan dona kalır,"Hızlandırır, zamanlama","Sınırlı kaynağın dağıtımında geciken, payını tamamen kaybeder.",zamanlama,IS ZIHIN,0.7,0.5,Acele işe şeytan karışır | Acele giden ecele gider | Geç olsun güç olmasın,"Beklersen iş bozulur mu, yoksa iş elinden mi gider? | Yanlış yaparsan geri dönebilir misin? | Bu işin bir son tarihi mi var, yoksa bir kullanıcısı mı?",
A022,atasözü,Bugünün işini yarına bırakma,"Harekete geçirir, zamanlama","Ertelenen iş, ertelendiği süre boyunca maliyet biriktirir.",zamanlama,IS,0.8,0.3,Geç olsun güç olmasın,"Beklerken bu iş büyüyor mu, aynı mı kalıyor?",
A023,atasözü,Geç olsun güç olmasın,"Aceleyi meşru biçimde reddeder, hiz kalite","Sürenin uzaması, sonucun bozulmasından daha kabul edilebilirdir.",hiz-kalite,IS ANLAM,-0.5,0.5,Sona kalan dona kalır | Bugünün işini yarına bırakma,"Bu işin bir son tarihi mi var, yoksa bir kullanıcısı mı? | Beklerken bu iş büyüyor mu, aynı mı kalıyor?",
A024,atasözü,Kervan yolda düzülür,"Başlamaya çağırır, zamanlama",Eksiksiz hazırlık beklenmez; düzen hareketin içinde oluşur.,zamanlama,IS,0.8,0.5,Denize girmeden paçaları sıvama,"Bilmediğin şeyi masa başında öğrenebilir misin, yoksa ancak yaparak mı?",
A025,atasözü,Denize girmeden paçaları sıvama,"Erken hamleyi durdurur, zamanlama","Koşullar oluşmadan yapılan hazırlık, boşa harcanmış eylemdir.",zamanlama,ZIHIN IS,-0.5,0.6,Kervan yolda düzülür,"Bilmediğin şeyi masa başında öğrenebilir misin, yoksa ancak yaparak mı?",
A026,atasözü,Ağaç yaşken eğilir,"Erken davranmaya çağırır, zamanlama",Biçimlendirme yalnızca yapı henüz esnekken mümkündür.,zamanlama,ZIHIN ILISKI,0.6,0.6,,,
A027,atasözü,Vakitsiz öten horozun başını keserler,"Zamanlamayı uyarır, zamanlama","Doğru şey yanlış anda söylenirse, içeriği değil zamanlaması cezalandırılır.",zamanlama,IS ILISKI,-0.6,0.8,,,
A028,atasözü,Atı alan Üsküdar'ı geçti,"Geç kalmışlığı adlandırır, geri donulmezlik",Müdahale penceresi kapandıktan sonra hazırlık anlamsızdır.,geri-donulmezlik,IS ZIHIN,0,0.8,,,
A029,atasözü,Son pişmanlık fayda etmez,"Uyarır, geri donulmezlik",Bazı kararlar geri alınamaz; bilgi ancak geri dönüşsüzlükten sonra gelir.,geri-donulmezlik,ANLAM ZIHIN,0,0.85,,,
A030,atasözü,Zararın neresinden dönülse kârdır,"Vazgeçmeyi meşrulaştırır, geri donulmezlik","Batmış maliyet, devam kararının gerekçesi olamaz.",geri-donulmezlik,ZIHIN PARA,-0.6,0.8,,,
A031,atasözü,"Bir elin nesi var, iki elin sesi var","Birleşmeye çağırır, birlesim","Birleşen çabanın çıktısı, parçaların toplamından fazladır.",birlesim,ILISKI IS,0.9,0.2,Horoz çok olan yerde sabah geç olur,"İş mi yetişmiyor, karar mı çıkmıyor?",
A032,atasözü,"Nerede birlik, orada dirlik","Birleşmeye çağırır, birlesim","Uyumlu bütünlük, refahın ön koşuludur.",birlesim,ILISKI,0.8,0.2,Horoz çok olan yerde sabah geç olur,"Herkes aynı sonucu mu istiyor, yoksa aynı sonucu farklı mı tanımlıyor?",
A033,atasözü,Akıl akıldan üstündür,"Danışmaya çağırır, birlesim",Bakış açısı eklendikçe çözüm uzayı genişler.,birlesim,ZIHIN ILISKI,0.7,0.3,Horoz çok olan yerde sabah geç olur,"Bu kişilerden fikir mi alıyorsun, onay mı bekliyorsun?",
A034,atasözü,Horoz çok olan yerde sabah geç olur,"Kalabalığı azaltmaya çağırır, karar tikanmasi","Karar hakkı çoğaldıkça, kararın kendisi gecikir.",karar-tikanmasi,IS ILISKI,-0.6,0.6,"Bir elin nesi var, iki elin sesi var | Nerede birlik, orada dirlik | Akıl akıldan üstündür | Bin bilsen de bir bilene danış","İş mi yetişmiyor, karar mı çıkmıyor? | Herkes aynı sonucu mu istiyor, yoksa aynı sonucu farklı mı tanımlıyor? | Bu kişilerden fikir mi alıyorsun, onay mı bekliyorsun? | Kaç kişinin evet demesi gerekiyor?",
A035,atasözü,"Sen ağa ben ağa, bu ineği kim sağa","Sahiplik boşluğunu adlandırır, sahiplik boslugu","Herkes üst rolü üstlendiğinde, işi yapacak kimse kalmaz.",sahiplik-boslugu,IS ILISKI,-0.4,0.6,,,
A036,atasözü,Bin bilsen de bir bilene danış,"Danışmaya çağırır, kor nokta","Kendi bilgisi ne kadar çok olursa olsun, özne kendi kör noktasını göremez.",kor-nokta,ZIHIN ILISKI,0.7,0.6,Horoz çok olan yerde sabah geç olur,Kaç kişinin evet demesi gerekiyor?,
A037,atasözü,"Danışan dağı aşmış, danışmayan düz yolda şaşmış","Danışmaya çağırır, kor nokta","Dışarıdan gelen bakış, zorluğun büyüklüğünden bağımsız olarak yol açar.",kor-nokta,ZIHIN ILISKI,0.8,0.4,,,
A038,atasözü,Terzi kendi söküğünü dikemez,"Kendine zaman ayıramamayı adlandırır, kaynak siniri","Kapasite hep dışarı yönlendirildiğinde, kendine ayrılan sıra hiç gelmez.",kaynak-siniri,IS BEDEN,0,0.8,,,
A039,atasözü,Kuzguna yavrusu şahin görünür,"Yanlılığı açığa çıkarır, kor nokta","Yakınlık, değerlendirmeyi sistematik olarak yukarı kaydırır.",kor-nokta,ILISKI DUYGU,0,0.6,,,
A040,atasözü,Aç tavuk kendini buğday ambarında sanır,"Hayali uyarır, kor nokta","Yoksunluk, algıyı arzu yönünde çarpıtır.",kor-nokta,DUYGU ZIHIN,0,0.8,,,
A041,atasözü,Balık baştan kokar,"Sorumluluğu yukarı taşır, yayilma",Bozulma yapının tepesinden başlar ve aşağı doğru yayılır.,yayilma,IS ILISKI,-0.4,0.5,,,
A042,atasözü,Baş nereye giderse ayak da oraya gider,"Yönü yukarıda arar, yayilma","Alt birimlerin yönü, üst birimin yönü tarafından belirlenir.",yayilma,IS ILISKI,0,0.5,,,
A043,atasözü,Bir baş soğan bir kazanı kokutur,"Ayıklamaya çağırır, yayilma","Tek bozuk unsur, bütünün niteliğini belirleyecek kadar baskın olabilir.",yayilma,ILISKI,-0.5,0.5,,,
A044,atasözü,Üzüm üzüme baka baka kararır,"Çevreyi uyarır, yayilma","Yakınlık, benzeşmeyi zamanla ve farkına varılmadan üretir.",yayilma,ILISKI,-0.4,0.6,,,
A045,atasözü,Kır atın yanında duran ya huyundan ya suyundan kapar,"Yakınlığı uyarır, yayilma","Temas, seçilmemiş özellikleri de aktarır.",yayilma,ILISKI MEKAN,-0.3,0.6,,,
A046,atasözü,Sürüden ayrılanı kurt kapar,"Kalmaya çağırır, bagimlilik","Grubun koruması, ancak grup içinde kalındığı sürece geçerlidir.",bagimlilik,ILISKI,-0.7,0.7,,,
A047,atasözü,Yuvarlanan taş yosun tutmaz,"Yerleşmeye çağırır, birikim","Sürekli yer değiştiren, birikim ve bağ oluşturamaz.",birikim,MEKAN ILISKI,-0.3,0.6,,,
A048,atasözü,Taşıma su ile değirmen dönmez,"Geçici çözümü teşhis eder, bagimlilik","Dışarıdan elle beslenen sistem, kendi kaynağı olmadan sürdürülemez.",bagimlilik,IS,-0.5,0.4,,,
A049,atasözü,Komşu komşunun külüne muhtaçtır,"Bağı hatırlatır, bagimlilik","Hiçbir birim, yakınındakinden tamamen bağımsız değildir.",bagimlilik,ILISKI MEKAN,0.7,0.5,,,
A050,atasözü,"Bakarsan bağ olur, bakmazsan dağ olur","Bakıma çağırır, bagimlilik",Sürekli bakım kesilirse yapı kendiliğinden bozulmaya döner.,bagimlilik,IS MEKAN,0.7,0.4,,,
A051,atasözü,Ev alma komşu al,"Önceliği tersine çevirir, bagimlilik","Çevresel bağlam, sahip olunan nesneden daha belirleyicidir.",bagimlilik,MEKAN ILISKI,0.6,0.6,,,
A052,atasözü,Ne ekersen onu biçersin,"Sorumluluk yükler, geri bildirim","Sonuç, geçmiş eylemin gecikmiş karşılığıdır.",geri-bildirim,ANLAM,0,0.5,,,
A053,atasözü,Rüzgâr eken fırtına biçer,"Caydırır, geri bildirim","Küçük bozucu eylem, orantısız büyüklükte geri dönüş üretir.",geri-bildirim,ANLAM,-0.6,0.7,,,
A054,atasözü,Ateş olmayan yerden duman çıkmaz,"Nedene işaret eder, geri bildirim","Görünen belirti, görünmeyen bir nedenin zorunlu işaretidir.",geri-bildirim,ZIHIN ILISKI,0,0.5,,,
A055,atasözü,Ucuz etin yahnisi tatsız olur,"Ucuzu uyarır, geri bildirim","Başta kısılan maliyet, sonra nitelik kaybı olarak geri gelir.",geri-bildirim,PARA IS,-0.4,0.7,,,
A056,atasözü,Su testisi su yolunda kırılır,"Kaçınılmazlığı adlandırır, geri bildirim","Risk, istisnai olanda değil en çok tekrarlanan olağan eylemin içindedir.",geri-bildirim,ANLAM IS,0,0.85,,,
A057,atasözü,"Ayağa değmedik taş, başa gelmedik iş olmaz","Kaçınılmazlığı yumuşatır, geri bildirim",Yeterince uzun sürede her olası olay gerçekleşir.,geri-bildirim,ANLAM,0,0.7,,,
A058,atasözü,Her koyun kendi bacağından asılır,"Sınır çizer, sahiplik boslugu",Sorumluluk devredilemez; sonuç eylemi yapana bağlanır.,sahiplik-boslugu,ILISKI ANLAM,-0.5,0.7,,,
A059,atasözü,El elin eşeğini türkü çağırarak arar,"Sahiplik eksikliğini adlandırır, sahiplik boslugu","Sonucu taşımayan, aramaya aynı özeni göstermez.",sahiplik-boslugu,IS ILISKI,-0.5,0.7,,,
A060,atasözü,"Yorgan gitti, kavga bitti","Kök nedene işaret eder, karar tikanmasi",Çatışmanın nesnesi ortadan kalkınca çatışma da biter; sorun taraflarda değildi.,karar-tikanmasi,ILISKI ANLAM,-0.5,0.7,,,
A061,atasözü,"Deveye boynun eğri demişler, nerem doğru ki demiş","Kısmi çözümü reddeder, karar tikanmasi","Tek kusuru düzeltmek, bütünü bozuk olan yapıda anlamsızdır.",karar-tikanmasi,ZIHIN ANLAM,0,0.8,,,
A062,atasözü,"Dam üstünde saksağan, vur beline kazmayı","Alakasızlığı işaretler, karar tikanmasi",Aralarında nedensel bağ olmayan iki şey yan yana konursa anlam üretilmez.,karar-tikanmasi,ZIHIN,0,0.4,,,
A063,atasözü,"Sakla samanı, gelir zamanı","Biriktirmeye çağırır, birikim","Şu an değersiz görünen kaynak, gelecekteki bilinmeyen ihtiyaç için tutulmalı.",birikim,PARA ZIHIN,0.5,0.4,"Azıcık aşım, ağrısız başım",Bunu tutmak sana neye mal oluyor?,
A064,atasözü,Ak akçe kara gün içindir,"Biriktirmeye çağırır, birikim","Bugünkü fazlalık, gelecekteki eksikliğin karşılığıdır.",birikim,PARA,0.4,0.5,,,
A065,atasözü,"İşten artmaz, dişten artar","Tasarrufa yönlendirir, kaynak siniri","Birikim, girdiyi artırarak değil çıktıyı kısarak oluşur.",kaynak-siniri,PARA,-0.6,0.6,,,
A066,atasözü,Fazla mal göz çıkarmaz,"Toplamayı meşrulaştırır, birikim",Fazlalığın kendisi bir maliyet üretmez.,birikim,PARA,0.5,0.3,"Azıcık aşım, ağrısız başım","Sahip olduğun şey seni bekliyor mu, yoksa senden bir şey mi istiyor?",
A067,atasözü,"Azıcık aşım, ağrısız başım","Azla yetinmeyi meşrulaştırır, oran etkisi",Sahip olunan miktar arttıkça onu koruma yükü de artar.,oran-etkisi,PARA ANLAM,-0.7,0.7,"Sakla samanı, gelir zamanı | Fazla mal göz çıkarmaz","Bunu tutmak sana neye mal oluyor? | Sahip olduğun şey seni bekliyor mu, yoksa senden bir şey mi istiyor?",
A068,atasözü,Kanaat tükenmez hazinedir,"Ölçüyü içeri alır, oran etkisi","Yeterlilik duygusu, mutlak miktardan değil beklentinin ayarından gelir.",oran-etkisi,PARA ANLAM,-0.5,0.7,,,
A069,atasözü,"Az veren candan, çok veren maldan","Ölçüyü değiştirir, oran etkisi","Verilenin değeri mutlak miktarda değil, verenin elindekine oranındadır.",oran-etkisi,PARA ILISKI,0,0.7,,,
A070,atasözü,Komşunun tavuğu komşuya kaz görünür,"Kıyaslamayı boşa çıkarır, gorunum farki","Dışarıdan görülen, sahip olunandan sistematik olarak büyük görünür.",gorunum-farki,ILISKI DUYGU,0,0.5,,,
A071,atasözü,"Ayinesi iştir kişinin, lafa bakılmaz","Kanıt ölçütü koyar, gorunum farki",Beyan ile davranış çeliştiğinde ölçüt davranıştır.,gorunum-farki,IS ANLAM,0,0.6,,,
A072,atasözü,Görünen köy kılavuz istemez,"Fazla açıklamayı keser, gorunum farki","Yeterince açık olan durum, ek yorum gerektirmez.",gorunum-farki,ZIHIN,0,0.1,,,
A073,atasözü,"Bir ağaçta gül de biter, diken de","Genellemeyi durdurur, gorunum farki",Aynı kaynak birbirine zıt çıktılar üretebilir; tek örnekle yargı kurulamaz.,gorunum-farki,ILISKI ZIHIN,0,0.5,,,
A074,atasözü,"Tencere yuvarlandı, kapağını buldu","Eşleşmeyi açıklar, gorunum farki",Benzer nitelikler birbirini seçerek eşleşir.,gorunum-farki,ILISKI,0,0.4,,,
A075,atasözü,"Deli deliden hoşlanır, imam ölüden","Çıkarı görünür kılar, gorunum farki","Her rol, kendi işleyişini besleyen karşılığı arar.",gorunum-farki,ILISKI,0,0.5,,,
A076,atasözü,Denize düşen yılana sarılır,"Çaresizliği mazur görür, bilgi asimetrisi","Kayıp eşiği geçilince, normalde reddedilen seçenek kabul edilir olur.",bilgi-asimetrisi,DUYGU BEDEN,0,0.9,,,
A077,atasözü,Dost kara günde belli olur,"Sınav anını işaretler, bilgi asimetrisi","Bağın gerçek gücü, ancak maliyet doğduğunda ölçülebilir.",bilgi-asimetrisi,ILISKI,0,0.8,,,
A078,atasözü,Doğru söyleyeni dokuz köyden kovarlar,"Bedeli önceden söyler, bilgi asimetrisi","Doğru bilgi, grubun konforunu bozduğunda taşıyıcısıyla birlikte dışlanır.",bilgi-asimetrisi,ILISKI ANLAM,-0.4,0.85,,,
A079,atasözü,Bana dokunmayan yılan bin yıl yaşasın,"Kayıtsızlığı adlandırır, bilgi asimetrisi","Maliyeti üstlenmeyen, sorunu sorun olarak görmez.",bilgi-asimetrisi,ILISKI ANLAM,-0.6,0.6,,,
A080,atasözü,Yalancının mumu yatsıya kadar yanar,"Caydırır, bilgi asimetrisi","Gerçeğe dayanmayan yapı, ancak sınanmadığı süre boyunca ayakta kalır.",bilgi-asimetrisi,ILISKI ANLAM,-0.6,0.4,,,
A081,atasözü,Ummadığın taş baş yarar,"Dikkati dağıtılmış yere çeker, kor nokta","Zarar, izlenen kaynaktan değil ihmal edilenden gelir.",kor-nokta,ZIHIN,-0.3,0.75,,,
A082,atasözü,Çok konuşan çok yanılır,"Susmaya çağırır, hiz kalite",Üretilen hacim arttıkça hata sayısı da orantılı artar.,hiz-kalite,ILISKI ZIHIN,-0.7,0.4,,,
A083,atasözü,Zorla güzellik olmaz,"Zorlamayı durdurur, bagimlilik","Gönüllülük gerektiren sonuç, baskıyla üretilemez.",bagimlilik,ILISKI,-0.7,0.6,,,
A084,atasözü,Tatlı dil yılanı deliğinden çıkarır,"Yöntemi değiştirir, birlesim","Direnç, kuvvetle değil yaklaşım biçimi değiştirilerek çözülür.",birlesim,ILISKI,0.7,0.5,,,
A085,atasözü,Gülü seven dikenine katlanır,"Katlanmayı meşrulaştırır, oran etkisi",Değer verilen şeyin maliyeti ondan ayrılamaz.,oran-etkisi,DUYGU ILISKI,0.5,0.6,,,
A086,atasözü,İşleyen demir ışıldar,"Harekete çağırır, birikim","Sürekli kullanım, aşınma değil iyileşme üretir.",birikim,IS BEDEN,0.8,0.3,,,
A087,atasözü,"Nerede hareket, orada bereket","Harekete çağırır, birikim","Çıktı, hareketin bir yan ürünü olarak doğar.",birikim,IS,0.8,0.3,,,
A088,atasözü,Yatan aslandan gezen tilki yeğdir,"Harekete çağırır, birikim","Kullanılmayan üstün kapasite, kullanılan sıradan kapasiteden az üretir.",birikim,IS,0.7,0.5,,,
A089,atasözü,Emek olmadan yemek olmaz,"Bedeli hatırlatır, geri bildirim","Çıktı, girdi olmadan oluşmaz.",geri-bildirim,IS,0.7,0.4,,,
A090,atasözü,Bir taşla iki kuş vurulur,"Verimliliğe çağırır, birlesim",Tek eylem birden çok sonucu aynı anda karşılayabilir.,birlesim,IS,0.6,0.3,İki karpuz bir koltuğa sığmaz,"Bu ikisi aynı hamleyle mi oluyor, yoksa sırayla mı?",
A091,atasözü,Bal tutan parmağını yalar,"Doğal sonucu adlandırır, geri bildirim","Kaynağa temas eden, payını kaçınılmaz olarak alır.",geri-bildirim,IS PARA,0,0.6,,,
A092,atasözü,"Su akar, yolunu bulur","Bırakmayı meşrulaştırır, bagimlilik","Yönlendirilmeyen süreç, kendi düşük dirençli yolunu kendisi seçer.",bagimlilik,ANLAM MEKAN,0.4,0.6,,,
A093,atasözü,Aza kanaat etmeyen çoğu bulamaz,"Küçüğü kabule çağırır, oran etkisi","Küçük kazancı reddetme alışkanlığı, büyük kazanca giden yolu da kapatır.",oran-etkisi,PARA ZIHIN,-0.6,0.6,,,
A094,atasözü,Bir fincan kahvenin kırk yıl hatırı var,"Bağı hatırlatır, oran etkisi","Küçük bir iyiliğin bağ değeri, maddi değerinden bağımsız ve kalıcıdır.",oran-etkisi,ILISKI ANLAM,0.5,0.5,,,
A095,atasözü,Borç yiğidin kamçısıdır,"Baskıyı meşrulaştırır, geri bildirim","Dışarıdan gelen zorunluluk, içeriden gelmeyen hareketi üretebilir.",geri-bildirim,PARA DUYGU,0.3,0.7,Ayağını yorganına göre uzat,Bu yükü kaldıramazsan ne olur?,
A096,atasözü,"Ayağını sıcak tut, başını serin","Ayrımı hatırlatır, kaynak siniri",Farklı katmanlar zıt yönde ayarlanmalıdır; tek ayar bütüne uymaz.,kaynak-siniri,BEDEN ZIHIN,0,0.5,,,
A097,atasözü,Adamın iyisi işbaşında belli olur,"Ölçüm anını belirler, gorunum farki","Nitelik, beyan anında değil uygulama anında ölçülür.",gorunum-farki,IS ANLAM,0,0.6,,,
A098,atasözü,Sürçen at bir daha sürçmez,"Hatayı meşrulaştırır, geri bildirim","Hata, tekrar edilmediğinde öğrenmenin kendisine dönüşür.",geri-bildirim,ZIHIN IS,0.4,0.7,Sütten ağzı yanan yoğurdu üfleyerek yer,"Neyin yanlış gittiğini adlandırabiliyor musun, yoksa sadece kötü hissettiğini mi biliyorsun?",
A099,atasözü,Öksüz çocuk göbeğini kendi keser,"Yalnızlığı güce çevirir, bagimlilik","Destek yoksa yeti, zorunluluk altında kendiliğinden gelişir.",bagimlilik,DUYGU BEDEN,0.5,0.9,,,
A100,atasözü,Minareyi çalan kılıfını hazırlar,"Hazırlığın ölçeğini işaretler, zamanlama","Eylemin büyüklüğü, örtüsünün büyüklüğünü önceden belirler.",zamanlama,ZIHIN IS,0,0.6,,,
T001,trend kelime,Ghosting,"Belirsizlik, kapanmamış son, açıklanmamış çekilme",açıklama yapmadan iletişimi kesme,bilgi-asimetrisi,,,,,,
T002,trend kelime,Quiet quitting,"Sınır koyma, görünmez direnç, asgariye çekilme",iş tanımının dışına çıkmama kararı,kaynak-siniri,,,,,,
T003,trend kelime,FOMO,"Kaçırılanı görebilme, sürekli kıyas, doyumsuzluk",kaçırma korkusu,zamanlama,,,,,,
T004,trend kelime,FOBO,"Seçenek fazlalığı, karar felci, taahhütten kaçınma",seçenekleri açık tutma,karar-tikanmasi,,,,,,
T005,trend kelime,Gaslighting,"Gerçeğin tartışılması, güven kaybı, kendinden şüphe",kişinin kendi algısından şüphe ettirilmesi,bilgi-asimetrisi,,,,,,
T006,trend kelime,Love bombing,"Orantısız yakınlık, hızlı bağ, sonradan çekilme",başta aşırı ilgiyle bağ kurma,asiri-tepki,,,,,,
T007,trend kelime,Burnout,"Kapasite bitişi, sürdürememe, bedenin durması",tükenmişlik,kaynak-siniri,,,,,,
T008,trend kelime,Imposter sendromu,"Yeterlilik şüphesi, görünürlük yükü, açığın açılma korkusu",hak etmediğini hissetme,gorunum-farki,,,,,,
T009,trend kelime,Sunk cost,"Vazgeçememe, harcanana bağlanma, kaybı kabullenememe",batmış maliyete devam etme,geri-donulmezlik,,,,,,
T010,trend kelime,Decision fatigue,"Seçim bolluğu, tükenme, umursamazlığa kayma",karar yorgunluğu,karar-tikanmasi,,,,,,
T011,trend kelime,Doom scrolling,"Aşırı maruziyet, bırakamama, kaygının beslenmesi",kötü habere takılıp kalma,asiri-tepki,,,,,,
T012,trend kelime,Analysis paralysis,"Hazırlık takıntısı, başlayamama, bilgi biriktirme",fazla düşünmekten hareket edememe,karar-tikanmasi,,,,,,
T013,trend kelime,Boundaries,"Kişisel alan, hayır diyebilme, ilişkide eşitlik",sınır koyma,kaynak-siniri,,,,,,
T014,trend kelime,Bystander etkisi,"Sorumluluk dağılması, herkesin beklemesi",kalabalıkta kimsenin müdahale etmemesi,sahiplik-boslugu,,,,,,
T015,trend kelime,Survivorship bias,"Eksik örneklem, görünmeyen başarısızlık, yanlı ders",yalnızca kurtulanları görmek,kor-nokta,,,,,,
T016,trend kelime,Parkinson yasası,"Süre esnemesi, gereksiz genişleme",işin verilen süreyi doldurması,hiz-kalite,,,,,,
T017,trend kelime,Cancel culture,"Hızlı yargı, kalabalık kararı, geri dönüşsüzlük",toplu dışlama,yayilma,,,,,,
T018,trend kelime,Kırık cam,"İlk ihmal, normalleşme, hızlı bozulma",küçük bozulmanın yayılması,yayilma,,,,,,
M001,yunan mitosu,İkarus,"Sınır tanımama, uyarıyı dinlememe, yükselirken düşme",güneşe fazla yaklaşıp kanatları eriyen,asiri-tepki,,,,,,
M002,yunan mitosu,Sisifos,"Sonu olmayan tekrar, anlamsız süreklilik, bitmeyen yük",kayayı her gün yeniden yukarı taşıyan,birikim,,,,,,
M003,yunan mitosu,Tantalos,"Erişilemeyen yakınlık, sürekli kıl payı kaçırma",suya uzandıkça suyun çekildiği,oran-etkisi,,,,,,
M004,yunan mitosu,Kassandra,"Bilen ama dinlenmeyen, bilginin işe yaramaması",doğruyu söylediği halde inanılmayan,bilgi-asimetrisi,,,,,,
M005,yunan mitosu,Prokrustes,"Zorla uydurma, tek kalıba sokma, farkı yok etme",yatağa uymayanı kesip uzatan,gorunum-farki,,,,,,
M006,yunan mitosu,Narkissos,"Kendine dönük bakış, dışarıyı görememe",kendi yansımasına bakarken kaybolan,kor-nokta,,,,,,
M007,yunan mitosu,Pandora,"Geri alınamayan hamle, merakın bedeli",kutuyu açınca geri kapatamayan,geri-donulmezlik,,,,,,
M008,yunan mitosu,Truva atı,"Görünenin altındaki, kabul edilen risk",hediye görünen tehdit,gorunum-farki,,,,,,
M009,yunan mitosu,Akhilleus topuğu,"Görülmeyen açık, tek kırılma noktası",tek zayıf noktadan düşen,kor-nokta,,,,,,
M010,yunan mitosu,Ariadne'nin ipi,"Geri dönüş yolunu bırakma, çıkışı önceden kurma",labirentten çıkış ipi,bagimlilik,,,,,,
M011,yunan mitosu,Damokles'in kılıcı,"Sürekli tehdit altında konum, konforun bedeli",başının üstünde asılı tehdit,zamanlama,,,,,,
M012,yunan mitosu,Sirenler,"Cazibeye kapılma, önceden bağlanma ihtiyacı",çağrıya kapılıp kayalara çarpma,asiri-tepki,,,,,,
M013,yunan mitosu,Odysseus'un yayı,Yalnızca yaşayanın yapabilmesi,yalnızca sahibinin gerebildiği,deneyim-kapisi,,,,,,
M014,yunan mitosu,Antigone,"İki meşru yükümlülük, seçilemez ikilem",yasayla vicdan arasında kalan,karar-tikanmasi,,,,,,
C001,çıkmaz,Karar edememe,"FOBO, seçenekleri açık tutma, karar felci",Seçmemenin kendisi bir seçimdir; korunma tam olduğunda kazanç da sıfırlanır.,,,,,seç / seçme,Bu seçeneklerden biri zamanla kapanıyor mu?,"Sepette on ürün, hiçbiri satın alınmamış."
C002,çıkmaz,Kaçırma korkusu,FOMO,"Kaçırılanın değeri ölçülemez olduğu için, kaçırma korkusu hiçbir veriyle yatışmaz.",,,,,her şeye gir / seçici ol,"Kaçırdığını sonradan öğrenebilecek misin, yoksa hiç bilemeyecek misin?","Herkesin hikâyesini izledin, kendi gününü yaşamadın."
C003,çıkmaz,Söylemek ya da susmak,"ya konuşsam olmuyor, sussam gönlüm razı değil",Bir bilginin taşınması da taşınmaması da taşıyanı değiştirir; nötr seçenek yoktur.,,,,,söyle / sus,"Söylemezsen bu, bir ay sonra hâlâ aynı yerde mi duruyor olacak?","Yazdın, sildin, yazdın, sildin. Mesaj hâlâ taslakta."
C004,çıkmaz,Gitmek ya da kalmak,"işten ayrılmak, şehir değiştirmek, ilişkiyi bitirmek","Ayrılmanın maliyeti tek seferde, kalmanın maliyeti taksitle ödenir; bu yüzden kalmak hep ucuz görünür.",,,,,git / kal,Buradaki sorun senin gelişinden önce de var mıydı?,Valiz dolapta duruyor ama açılmamış.
C005,çıkmaz,Her ihtimalde kaybetme,ne yapsam olmuyor,"Sonuç eylemden bağımsız hale geldiğinde, kişi eylemle sonuç arasındaki bağı kurmayı bırakır.",,,,,dene / deneme,Son üç denemede aynı şeyi mi yaptın?,"Aynı şifreyi üçüncü kez yanlış girdin, sorun şifrede değil."
C006,çıkmaz,Ölçüsüzlüğün iki ucu,"az uyku çok uyku, az iş çok iş",Bazı büyüklüklerin hem alt hem üst eşiği vardır; iyi olan yön değil aralıktır.,,,,,artır / azalt,"Bunun bir 'doğru miktarı' var mı, yoksa hep daha azı mı iyi?","Az uyudun diye yorgunsun, çok uyudun diye de."
C007,çıkmaz,Sonucu belli olmayan risk,bilinmeyene girmek,"Bilgi ancak riske girilerek elde edilebiliyorsa, bilmemek de bir maliyettir.",,,,,gir / girme,Yanılırsan geri dönebilir misin?,Kapağı açmadan içinde ne olduğunu tartışıyorsun.
C008,çıkmaz,Yakınlık kıskançlığı,arkadaşımın başarısına sevinemiyorum,"Aynı ölçekte kıyaslanan iki kişide, ötekinin yükselmesi kendi konumunun düşmesi olarak okunur.",,,,,sevin / sevinme,"Onun kazandığı şey, senin kaybettiğin bir şey mi?","Onun paylaşımına beğeni attın, sonra telefonu ters çevirdin."
C009,çıkmaz,Aceleyle bekleme arasında,şimdi mi sonra mı,Hız ile nitelik aynı kaynaktan beslendiği için biri artarken diğeri azalır.,,,,,hızlan / bekle,"Beklersen iş bozulur mu, yoksa iş elinden mi gider?",Sayfayı yenilemekle iş bitmiyor.
C010,çıkmaz,Görünmez emeğin bedeli,herkese yetişiyorum kendime yetişemiyorum,Aynı kapasite hem dışarıya hem içeriye harcanamaz; bölüşüm kaçınılmazdır.,,,,,başkalarına ver / kendine ayır,Bu işi senden başka yapabilecek biri var mı?,"Herkesin bildirimine yetiştin, kendi bildirimlerin okunmadı."
C011,çıkmaz,Ortak olduğun gücün payı,büyük oyuncuyla çalışmak,Güç dengesizse paylaşımın kuralını güçlü olan yazar; ortaklık eşitlik anlamına gelmez.,,,,,ortak ol / olma,Bu ortaklıktan çıkarsan elinde ne kalır?,Büyük masaya oturdun ama menüyü sen seçmiyorsun.
C012,çıkmaz,Zamanlaması olmayan borç,yanlış kişiye bağımlı olmak,"Bir yükümlülüğün maliyeti miktarında değil, ne zaman tahsil edileceğini kimin belirlediğindedir.",,,,,al / alma,Bunu geri isteme anını kim seçiyor?,"Borç aldın, faizi sabah kaçta arayacağıyla ödeniyor."
C013,çıkmaz,Yükselmek ya da korumak,"sessiz istifa ile terfi arasında, büyümek mi dinlenmek mi",Kapasiteyi korumak ile büyütmek aynı anda yapılamaz; biri diğerinin payından yer.,,,,,al / alma,"Bu sınırı sen mi koydun, yoksa yorgunluk mu koydu?","Zam geldi, takvim de doldu."
C014,çıkmaz,Yakınlık ya da sınır,"aileye sınır koymak, hayırlı evlat olmak","Sınırsız yakınlık, yükü taşıyan ile yükü doğuran arasındaki bağı koparır.",,,,,sınır koy / koyma,Bu yükü şu an kim taşıyor?,Kendi evinde misafir gibi karar veriyorsun.
C015,çıkmaz,İki sorumluluk arasında,ebeveyn bakımı ile kendi hayatı arasında,"İki meşru sorumluluk çakıştığında, seçmemek de bir seçimdir ve kararı gecikme verir.",,,,,birine öncelik ver / ötekine öncelik ver,Bu kararı verirken kimin sözü senin sözünden ağır?,"İki takvim çakışıyor, ikisi de iptal edilemiyor."
C016,çıkmaz,Kazanç ya da ilke,"etik gri alanda fırsat, gri tüyo","Bir sınır bir kez esnetildiğinde, ikinci esnetmenin gerekçesi ilkinden hazır gelir.",,,,,değerlendir / değerlendirme,Bu kararı güvendiğin birine anlatır mıydın?,"Kazancı anlatırken sesini alçaltıyorsan, mesele kazanç değil."
C017,çıkmaz,Bitirmek ya da korumak,ilkelerine ters yatırımı kabul etmek,"Bir şeyi var etmek için gereken kaynak, onun ne olacağını da belirleme hakkını taşır.",,,,,kabul et / etme,"Bu iş senin imzanla mı değerli, yoksa var olmasıyla mı?","Fikir senin, kalem onda."
C018,çıkmaz,Dinlenmek ya da sürdürmek,"tükenmişlik, mola vermek",Kapasite tükendiğinde durma kararı kişiden alınır; erken durmak onu geri almaktır.,,,,,dur / devam et,Şu an durursan geri dönebileceğin bir yer kalıyor mu?,"Şarj yüzde üç, hâlâ video izliyorsun."
C019,çıkmaz,Üstlenmek ya da susmak,görülmeyen hata,"Görülmemiş bir hata, görülene kadar hatadır; görüldüğünde saklamak hataya eklenir.",,,,,üstlen / susma,"Bu hata büyüyerek mi ortaya çıkar, yoksa unutularak mı kaybolur?",Hata kimsenin görmediği bir sekmede açık duruyor.
C020,çıkmaz,Unvan ya da uyum,yetenek dışı ama prestijli teklif,"Görünürlük ile yeterlilik ayrıldığında, aradaki fark er geç kamuya açılır.",,,,,al / alma,"Bu işi altı ay sonra öğrenmiş olur musun, yoksa altı ay sonra da açık mı kalır?","Unvanı aldın, sekmeleri hâlâ gizlice arıyorsun."
C021,çıkmaz,Korumak ya da sorumluluk,"arkadaşını korumak, ihbar","Bir başkasının sonucunu üstlenmek, seçimi de üstlenmek anlamına gelmez.",,,,,koru / koruma,"Bu, onun ilk seferi mi?","Grupta sustun, özelden yazdın."
C022,çıkmaz,Senin yerin ya da onun yeri,"ortak gelecek planı, nerede yaşanacak","İki kişinin var olma alanı çakışmıyorsa, birlikte olmak birinin küçülmesiyle mümkündür.",,,,,onun yeri / senin yerin,Küçülen taraf bunu bir daha geri isteyebilecek mi?,"İki şehir arasında yaşıyorsun, ikisinde de misafirsin."
C023,çıkmaz,İtiraz ya da uyum,emeğin görünmemesi,"Görünmeyen emek bir kez ortak sayıldığında, ikinci kez sayılması için gerekçe azalır.",,,,,itiraz et / etme,Bu ilk kez mi oluyor?,"Sunumu sen hazırladın, alkışta ayağa kalkmadın."
C024,çıkmaz,Büyümek ya da bağı korumak,gelişirken uzaklaşmak,"İki kişi farklı hızlarda değiştiğinde, ortak zemin küçülür; kimse hata yapmamıştır.",,,,,devam et / yavaşla,"Aranızdaki mesafe senin gitmenden mi, onun durmasından mı doğuyor?","Aynı sohbet, artık sadece doğum günlerinde."
C025,çıkmaz,Dedikoduya ortak olmak ya da bozmak,asılsız bilgiyle yüzleşmek,"Yanlış bilgiyi durdurmayan, onu taşıyan halkalardan biri haline gelir.",,,,,düzelt / düzeltme,Bunu söyleyen kişi düzeltilmeye açık mı?,"Duydun, yaymadın ama sildin de sayılmaz."
C026,çıkmaz,Uyarmak ya da desteklemek,arkadaşının başarısız olacağını görmek,"Bir uyarı, uyarılanın onu kullanabileceği zaman diliminde değerlidir; sonrası suçlamadır.",,,,,söyle / söyleme,Söylersen değiştirebileceği bir şey kalıyor mu?,"Söylesen üzülecek, söylemesen sen bileceksin."
C027,çıkmaz,Onaylamak ya da durdurmak,imza senin elinde,"Karar yetkisi verilen kişi, kararın sonucunu da devredemez.",,,,,onayla / onaylama,Bu imza için yetkili başka biri var mı?,"İmza senin, karar başkasının."
C028,çıkmaz,Büyümek ya da ortak olmamak,kültürünü onaylamadığın güçlü ortak,"Görünmeyen bir ret, düzen üzerinde ölçülebilir bir etki bırakmaz.",,,,,çalış / çalışma,Reddedersen bunu bilecek biri olacak mı?,"Büyük markayla çalışıyorsun, onların yazı tipini kullanıyorsun."
C029,çıkmaz,Katılmak ya da alan korumak,mesai dışı zorunlu sosyallik,"Yazılı olmayan kural, ihlal edildiğinde de yazılı olmadığı için tartışılamaz.",,,,,katıl / katılma,Katılmayan başka biri var mı?,Takvimde görünüyorsun ama masada yoksun.
C030,çıkmaz,Bir kişi ya da herkes,kısılan bütçeyi paylaştırmak,"Bölünemeyen bir kaybı paylaştırmak, kaybı küçültmez yalnızca dağıtır.",,,,,bir kişiyi koru / herkesi koru,"Kaybı taşıyacak kişiyi sen mi seçiyorsun, yoksa kural mı seçiyor?","Pastayı böldün, herkes küçük dilimi aldığını düşünüyor."
C031,çıkmaz,Referansı korumak ya da söylemek,güçlü bir ismin bilinmeyen yüzü,"Bir itibarın sürmesi, onu bilenlerin susmasına bağlıdır.",,,,,söyle / söyleme,Bunu senden başka bilen var mı?,Tavsiye mektubunu yazan kişi hakkında tavsiye veremiyorsun.
C032,çıkmaz,Yetkiyi atlamak ya da uymak,hiyerarşinin baypas edilmesi,"Atlanan basamak, atlayanın değil atlananın konumunu zedeler.",,,,,yap / yapma,Bu görevi yöneticine söyleyebilir misin?,"Üstün atladı, arada kalan sensin."
C033,çıkmaz,Kanıtı açmak ya da beklemek,kalabalığın yanıldığı an,"Kalabalığın yanılgısını düzeltmenin bedeli, yanılgıyı sürdürmenin bedelinden görünürdür.",,,,,paylaş / bekle,Bunu senden başka gösterebilecek biri var mı?,Ekran görüntüsü var ama göndermedin.
C034,çıkmaz,Kalmak ya da çıkmak,krizde iş değiştirmek,Belirsizlik yüksekken kalmak da çıkmak da bilinmeyene doğrudur; fark yalnızca bilinenin tanıdıklığıdır.,,,,,kal / çık,Buradaki mutsuzluk piyasa düzelince geçer mi?,"İlanlara bakıyorsun, başvurmuyorsun."
C035,çıkmaz,Sıfırlamak ya da sürdürmek,her şeyi bırakıp gitmek,"Başarı ölçüsü dışarıdan geliyorsa, ondan çıkmak da dışarıdan yargılanır.",,,,,git / kalma,"Bu ölçüyü sen mi seçtin, yoksa devraldın mı?","Köy evi arıyorsun, sekmeyi kapatmadan."
C036,çıkmaz,Geçmişi açmak ya da bırakmak,yıllar sonra hesap sormak,"Geciken adaletin bedelini, olayı yaşayanlar değil bugün orada olanlar öder.",,,,,aç / bırak,"Bunu açmak bugün birinin zararını durduruyor mu, yoksa yalnızca geçmişi mi adlandırıyor?",Arşivi açtın ama okumadın.
C037,çıkmaz,Vefa ya da verim,emektar çalışan ile dönüşüm,Geçmiş katkı bugünkü çıktıyı üretmez ama bugünkü kararın maliyetini belirler.,,,,,koru / çıkar,Bu kişinin öğrenebileceği bir yer var mı?,"Yeni sistem geldi, eski kahve makinesi hâlâ o kişi biliyor."
C038,çıkmaz,Uyum ya da bilgi,çoğunluğun yanıldığını görmek,"Bir bilginin kabul edilmesi doğruluğuna değil, kabul edenin ona hazır olmasına bağlıdır.",,,,,söyle / susma,Bunu duyacak durumda olan tek bir kişi var mı?,"Grupta herkes aynı fikirde, sen yazıp sildin."
D001,deyim,Ateşle oynamak,Sonucu kontrol edilemeyen riske girmek,Küçük bir hamlenin büyük ve geri alınamaz sonuç doğurması,geri-donulmezlik,,,,,,
D002,deyim,Pire için yorgan yakmak,Küçük soruna orantısız tepki,Çözümün maliyeti sorunun maliyetini aşar,asiri-tepki,,,,,,
D003,deyim,Etekleri tutuşmak,"Ani telaş, geç kalmışlık",Süre daralınca hazırlık yerini paniğe bırakır,zamanlama,,,,,,
D004,deyim,Bardağı taşıran son damla,Birikmiş şeyin küçük bir olayla patlaması,Tek olay değil birikim sonucu doğurur,birikim,,,,,,
D005,deyim,İpin ucunu kaçırmak,Kontrolün fark edilmeden elden gitmesi,Kademeli gevşeme bir eşikten sonra geri alınamaz,geri-donulmezlik,,,,,,
D006,deyim,Gözden düşmek,İtibarın sessizce kaybolması,"Konum tek olayla değil, sessiz birikimle kaybedilir",yayilma,,,,,,
D007,deyim,Altta kalmak,Hak aramaktan vazgeçmek,Karşılık vermemek zamanla konum kaybına dönüşür,oran-etkisi,,,,,,
D008,deyim,Kabuğuna çekilmek,Temastan tümüyle geri çekilme,"Zarardan korunma, bağdan da koparır",asiri-tepki,,,,,,
D009,deyim,Köprüleri atmak,Geri dönüşü bilerek kapatmak,Çıkış yolunu kapatmak kararı kesinleştirir,geri-donulmezlik,,,,,,
D010,deyim,Suyun akışına bırakmak,Yönlendirmeyi bırakmak,Müdahale edilmeyen süreç kendi yolunu seçer,bagimlilik,,,,,,
D011,deyim,İki arada bir derede kalmak,İki taraf arasında sıkışmak,İki meşru yükümlülük çakıştığında seçmemek de bir seçimdir,karar-tikanmasi,,,,,,
D012,deyim,Yükün altına girmek,Sorumluluğu üstlenmek,Üstlenilen yük paylaşılmadığında taşıyanı değiştirir,sahiplik-boslugu,,,,,,
D013,deyim,Ağzı var dili yok,Karşılık vermemek,Sessizlik zamanla kişinin tanımı olur,bilgi-asimetrisi,,,,,,
D014,deyim,Göz yummak,Bilerek görmezden gelmek,"Görüp söylememek, olayın sürmesine katkıdır",bilgi-asimetrisi,,,,,,
D015,deyim,Kulak ardı etmek,Uyarıyı dikkate almamak,Uyarı ancak kullanılabilir zamanda değerlidir,zamanlama,,,,,,
D016,deyim,Yolunu kesmek,Birinin ilerlemesini engellemek,"Engel, engelleyenin de yolunu daraltır",kaynak-siniri,,,,,,
D017,deyim,El üstünde tutmak,Aşırı değer verme,"Aşırı koruma, korunanın yetisini köreltir",asiri-tepki,,,,,,
D018,deyim,Göze girmek,Beğenilmeye çalışmak,"Onay arayışı, işin kendisinden fazla yer kaplar",gorunum-farki,,,,,,
D019,deyim,Yüzüne vurmak,Gerçeği sertçe söylemek,Doğrunun kabul edilmesi biçimine bağlıdır,bilgi-asimetrisi,,,,,,
D020,deyim,Diken üstünde olmak,Sürekli tetikte bekleme,"Belirsiz tehdit, belirli tehditten fazla yıpratır",zamanlama,,,,,,
D021,deyim,Sırtını dayamak,Birine güvenerek hareket etmek,Dayanılan şey çekilince duruş da gider,bagimlilik,,,,,,
D022,deyim,Kendi yağıyla kavrulmak,Dışarıdan destek almadan sürdürmek,Kendine yeten sistem yavaş ama bağımsızdır,bagimlilik,,,,,,
D023,deyim,Ağır top,Belirleyici güç,Tek bir unsurun bütün dengeyi belirlemesi,karar-tikanmasi,,,,,,
D024,deyim,Ateş almaya gelmek,Kısa kalıp hemen gitmek,Yüzeysel temas bağ kurmaz,oran-etkisi,,,,,,
D025,deyim,Yorgan gitti kavga bitti,Çatışmanın nesnesinin ortadan kalkması,"Sorun taraflarda değil, aradaki nesnedeydi",karar-tikanmasi,,,,,,
G001,yunan tanrısı,Zeus,Son sözü söyleyen ama her şeye karışan,"Yetkinin tek elde toplanması kararı hızlandırır, sorumluluğu da tek yere yığar",karar-tikanmasi,,,,,,
G002,yunan tanrısı,Hera,"Bağı koruyan, ihaneti unutmayan","Bağın korunması, kırılmanın kaydının tutulmasıyla sürdürülür",bilgi-asimetrisi,,,,,,
G003,yunan tanrısı,Athena,"Zekâyla çözen, güçle değil","Doğru yöntem, doğru kuvvetten önce gelir",kor-nokta,,,,,,
G004,yunan tanrısı,Ares,Çatışmayı çözüm sanan,Her sorunu aynı araçla çözmek aracı değil sorunu büyütür,asiri-tepki,,,,,,
G005,yunan tanrısı,Hermes,"Sınırları geçen, haber taşıyan","Bilgiyi taşıyan, taşıdığı bilginin bedelini de üstlenir",bilgi-asimetrisi,,,,,,
G006,yunan tanrısı,Hestia,"Ocağı koruyan, görünmeyen",Süreklilik sağlayan emek en az görünen emektir,sahiplik-boslugu,,,,,,
G007,yunan tanrısı,Demeter,Kaybettiğinde mevsimleri durduran,"Bir bağın kopması, ilgisiz görünen her şeyi durdurabilir",yayilma,,,,,,
G008,yunan tanrısı,Apollon,"Işık ve ölçü, aşırılığın karşıtı","Ölçü, iyi olan yön değil doğru aralıktır",oran-etkisi,,,,,,
G009,yunan tanrısı,Dionysos,"Sınırı kaldıran, kendinden geçiren",Sınırın kalkması hem özgürleştirir hem dağıtır,asiri-tepki,,,,,,
G010,yunan tanrısı,Artemis,Yalnız kalmayı seçen,"Bağımsızlık, yalnızlığın kabul edilmiş halidir",bagimlilik,,,,,,
G011,yunan tanrısı,Hephaistos,Dışlanmış ama üreten,"Dışlanma, üretimi durdurmaz ama görünürlüğü keser",gorunum-farki,,,,,,
G012,yunan tanrısı,Prometheus,Ateşi çalıp sonsuz bedel ödeyen,Toplumsal fayda için alınan risk bireysel olarak ödenir,geri-donulmezlik,,,,,,
B001,başka mitoloji,Ragnarök,İskandinav — sonun önceden bilinmesi,"Sonun bilinmesi onu engellemez, yalnızca taşıma biçimini değiştirir",geri-donulmezlik,,,,,,
B002,başka mitoloji,Odin'in gözü,İskandinav — bilgi için göz feda etmek,"Derin bilgi, her zaman bir görme alanının kaybıyla gelir",deneyim-kapisi,,,,,,
B003,başka mitoloji,Loki,İskandinav — düzeni bozan ama gerekli olan,Bozucu unsur çıkarıldığında sistem esnekliğini de kaybeder,yayilma,,,,,,
B004,başka mitoloji,Gılgamış,Mezopotamya — ölümsüzlük arayan ve bulamayan,"Bazı arayışlar sonuçla değil, arayanı değiştirerek biter",deneyim-kapisi,,,,,,
B005,başka mitoloji,Enkidu,Mezopotamya — vahşiyken uygarlaşan,"Uyum sağlamak, geldiğin yere dönememek demektir",geri-donulmezlik,,,,,,
B006,başka mitoloji,Nuh'un gemisi,Ortak — uyarıyı dinleyen ve hazırlanan,"Herkesin reddettiği hazırlık, olay gelince tek doğru olur",zamanlama,,,,,,
B007,başka mitoloji,Bilge Kağan yazıtı,Türk — sözün taşa yazılması,Aktarılmayan deneyim bir kuşakta kaybolur,deneyim-kapisi,,,,,,
B008,başka mitoloji,Ergenekon,Türk — sıkışıp dağı eritmek,"Çıkışsız görünen yerde çıkış açmak, bekleyerek değil işleyerek olur",birikim,,,,,,
B009,başka mitoloji,Dede Korkut'un öğüdü,Türk — yaşlının genci uyarması,"Uyarının değeri, uyarılanın onu kullanabileceği zamandadır",zamanlama,,,,,,
B010,başka mitoloji,Anka kuşu,Ortak — kendi külünden doğan,Bitişin kendisi bazı başlangıçların ön koşuludur,geri-donulmezlik,,,,,,
B011,başka mitoloji,Kaf Dağı,Türk-Fars — ulaşılamayan hedef,"Ulaşılamayan hedef, yolu anlamlı kılar ama varışı yoktur",oran-etkisi,,,,,,
B012,başka mitoloji,Simurg,Fars — otuz kuşun aradığını kendinde bulması,Aranan şey çoğu zaman arayanların toplamıdır,birlesim,,,,,,
W001,dünya atasözü,The pitcher goes to the well once too often,İngilizce — tekrarın kaçınılmaz sonucu,"Risk, en çok tekrarlanan olağan eylemin içindedir",geri-bildirim,,,,,,
W002,dünya atasözü,"Once bitten, twice shy",İngilizce — bir kez yanan temkinli olur,Bir kez zarar gören benzeyen her şeye aşırı genelleyerek korunur,asiri-tepki,,,,,,
W003,dünya atasözü,Many hands make light work,İngilizce — birleşen emek,Birleşen çabanın çıktısı parçaların toplamından fazladır,birlesim,,,,,,
W004,dünya atasözü,The cobbler's children have no shoes,İngilizce — ustanın kendi eksiği,Kapasite hep dışarı yönlendirildiğinde kendine sıra gelmez,kaynak-siniri,,,,,,
W005,dünya atasözü,羹に懲りて膾を吹く,Japonca — sıcak çorbadan yanan soğuğu üfler,Bir kez zarar gören benzeyen her şeye aşırı genelleyerek korunur,asiri-tepki,,,,,,
W006,dünya atasözü,百聞は一見に如かず,Japonca — yüz kez duymak bir kez görmeye denk değil,Yaşanmış tek olay aktarılmış çok bilgiden fazlasını öğretir,deneyim-kapisi,,,,,,
W007,dünya atasözü,医者の不養生,Japonca — hekimin kendi sağlığına bakmaması,Beceri kendine yönlendirilemez,kaynak-siniri,,,,,,
W008,dünya atasözü,急がば回れ,Japonca — acelen varsa dolaş,Hız arttıkça hata olasılığı kazanılan zamandan fazla maliyet üretir,hiz-kalite,,,,,,
W009,dünya atasözü,隣の芝生は青い,Japonca — komşunun çimi daha yeşil,Dışarıdan görülen sahip olunandan büyük görünür,gorunum-farki,,,,,,
W010,dünya atasözü,Gebranntes Kind scheut das Feuer,Almanca — yanan çocuk ateşten kaçar,Bir kez zarar gören temasın tamamından kaçınır,asiri-tepki,,,,,,
W011,dünya atasözü,Der Krug geht zum Brunnen bis er bricht,Almanca — testi kırılana dek kuyuya gider,Risk olağan tekrarın içindedir,geri-bildirim,,,,,,
W012,dünya atasözü,Festina lente,Latince — yavaşça acele et,Hız ile nitelik aynı kaynaktan beslenir,hiz-kalite,,,,,,
W013,dünya atasözü,Tant va la cruche à l'eau qu'elle se casse,Fransızca — testi suya gide gide kırılır,"Tekrar, kaçınılmazı üretir",geri-bildirim,,,,,,
W014,dünya atasözü,"En casa del herrero, cuchillo de palo",İspanyolca — demircinin evinde tahta bıçak,Beceri kendine yönlendirilemez,kaynak-siniri,,,,,,
W015,dünya atasözü,吃一堑，长一智,Çince — bir hendeğe düş bir akıl kazan,Yaşanmış zarar aktarılmış bilgiden fazlasını öğretir,deneyim-kapisi,,,,,,
W016,dünya atasözü,人多力量大,Çince — çok insan büyük güç,Birleşen çaba parçaların toplamından fazladır,birlesim,,,,,,
W017,dünya atasözü,В чужих руках ломоть велик,Rusça — başkasının elindeki dilim büyük görünür,Dışarıdan görülen sahip olunandan büyük görünür,gorunum-farki,,,,,,
W018,dünya atasözü,على قدر لحافك مد رجليك,Arapça — yorganına göre ayağını uzat,Eylemin kapsamı kaynağın sınırını aşmamalı,kaynak-siniri,,,,,,
W019,dünya atasözü,Chi va piano va sano e va lontano,İtalyanca — yavaş giden sağlam ve uzağa gider,Sürdürülebilir hız kesintili yüksek hızdan fazla mesafe üretir,birikim,,,,,,
W020,dünya atasözü,A rolling stone gathers no moss,İngilizce — yuvarlanan taş yosun tutmaz,Sürekli yer değiştiren birikim ve bağ oluşturamaz,birikim,,,,,,
